월(Monthly)	시도명	시군구	관용1	자가용1	영업용1	계1	관용2	자가용2	영업용2	계2	관용3	자가용3	영업용3	계3	관용4	자가용4	영업용4	계4	관용0	자가용0	영업용0	계0
2024-06	서울	강남구	152	218,463	17,319	235,934	58	3,934	562	4,554	180	13,708	2,423	16,311	19	369	159	547	409	236,474	20,463	257,346
2024-06	서울	강동구	108	131,107	4,945	136,160	41	3,260	705	4,006	146	11,945	2,536	14,627	7	223	214	444	302	146,535	8,400	155,237
2024-06	서울	강북구	106	60,200	2,063	62,369	69	2,136	713	2,918	132	6,932	1,291	8,355	15	154	109	278	322	69,422	4,176	73,920
2024-06	서울	강서구	136	167,917	9,288	177,341	43	4,261	1,311	5,615	167	16,383	4,275	20,825	16	421	257	694	362	188,982	15,131	204,475
2024-06	서울	관악구	90	99,428	3,022	102,540	45	3,021	346	3,412	143	9,075	2,239	11,457	12	181	176	369	290	111,705	5,783	117,778
2024-06	서울	광진구	92	80,620	3,084	83,796	44	2,139	341	2,524	172	8,700	1,646	10,518	10	123	110	243	318	91,582	5,181	97,081
2024-06	서울	구로구	107	115,548	9,701	125,356	62	4,043	585	4,690	127	13,862	2,649	16,638	7	331	167	505	303	133,784	13,102	147,189
2024-06	서울	금천구	57	71,715	3,380	75,152	32	2,671	452	3,155	72	10,764	2,330	13,166	12	189	98	299	173	85,339	6,260	91,772
2024-06	서울	노원구	84	129,587	5,507	135,178	54	3,348	766	4,168	176	9,844	2,164	12,184	12	268	260	540	326	143,047	8,697	152,070
2024-06	서울	도봉구	92	76,579	4,600	81,271	48	2,308	599	2,955	125	7,971	2,053	10,149	12	182	164	358	277	87,040	7,416	94,733
2024-06	서울	동대문구	101	84,549	2,938	87,588	54	2,573	146	2,773	131	9,769	2,204	12,104	10	202	98	310	296	97,093	5,386	102,775
2024-06	서울	동작구	112	94,797	1,096	96,005	46	2,236	132	2,414	125	6,516	1,184	7,825	17	137	178	332	300	103,686	2,590	106,576
2024-06	서울	마포구	94	101,896	4,240	106,230	55	2,535	633	3,223	180	9,278	2,220	11,678	21	241	540	802	350	113,950	7,633	121,933
2024-06	서울	서대문구	207	77,745	3,377	81,329	105	2,039	400	2,544	140	5,858	1,806	7,804	7	148	109	264	459	85,790	5,692	91,941
2024-06	서울	서초구	178	152,864	3,909	156,951	130	2,947	650	3,727	182	10,675	4,763	15,620	16	278	196	490	506	166,764	9,518	176,788
2024-06	서울	성동구	131	82,495	8,974	91,600	46	1,818	992	2,856	177	8,247	1,876	10,300	19	193	101	313	373	92,753	11,943	105,069
2024-06	서울	성북구	94	105,340	2,011	107,445	49	2,835	1,100	3,984	138	8,521	1,714	10,373	8	189	102	299	289	116,885	4,927	122,101
2024-06	서울	송파구	124	207,228	7,458	214,810	99	4,047	1,634	5,780	161	17,618	4,808	22,587	16	390	384	790	400	229,283	14,284	243,967
2024-06	서울	양천구	130	127,359	4,307	131,796	60	3,080	760	3,900	144	11,044	2,940	14,128	7	270	431	708	341	141,753	8,438	150,532
2024-06	서울	영등포구	128	118,767	2,930	121,825	59	3,696	179	3,934	168	13,319	4,434	17,921	15	475	644	1,134	370	136,257	8,187	144,814
2024-06	서울	용산구	258	63,834	1,276	65,368	118	1,783	73	1,974	154	5,010	904	6,068	12	140	28	180	542	70,767	2,281	73,590
2024-06	서울	은평구	100	114,409	4,051	118,560	46	2,977	740	3,763	139	9,876	2,066	12,081	16	183	191	390	301	127,445	7,048	134,794
2024-06	서울	종로구	1,626	39,323	242	41,191	1,535	1,463	247	3,245	344	3,627	1,553	5,524	106	85	96	287	3,611	44,498	2,138	50,247
2024-06	서울	중구	299	41,700	1,692	43,691	859	1,778	233	2,870	176	5,283	1,186	6,645	18	273	100	391	1,352	49,034	3,211	53,597
2024-06	서울	중랑구	78	91,898	5,959	97,935	33	3,032	571	3,636	121	11,665	2,812	14,598	14	219	328	561	246	106,814	9,670	116,730
2024-06	서울	계	4,684	2,655,368	117,369	2,777,421	3,790	69,960	14,870	88,620	3,920	245,490	60,076	309,486	424	5,864	5,240	11,528	12,818	2,976,682	197,555	3,187,055
2024-06	부산	강서구	122	67,645	2,075	69,842	85	1,651	312	2,048	129	16,199	2,729	19,057	10	409	643	1,062	346	85,904	5,759	92,009
2024-06	부산	금정구	104	65,165	2,450	67,719	62	2,029	858	2,949	105	9,489	3,116	12,710	14	180	657	851	285	76,863	7,081	84,229
2024-06	부산	기장군	82	74,198	834	75,114	49	2,034	539	2,622	120	10,816	1,302	12,238	12	243	217	472	263	87,291	2,892	90,446
2024-06	부산	남구	112	81,365	3,147	84,624	57	2,061	498	2,616	58	8,862	4,378	13,298	3	305	1,447	1,755	230	92,593	9,470	102,293
2024-06	부산	동구	82	44,118	1,673	45,873	47	849	169	1,065	60	3,610	2,373	6,043	4	106	1,061	1,171	193	48,683	5,276	54,152
2024-06	부산	동래구	73	85,236	1,656	86,965	27	1,878	361	2,266	64	9,904	1,497	11,465	1	202	266	469	165	97,220	3,780	101,165
2024-06	부산	부산진구	128	117,138	21,843	139,109	60	2,723	517	3,300	170	13,022	2,339	15,531	11	205	535	751	369	133,088	25,234	158,691
2024-06	부산	북구	124	87,667	1,554	89,345	52	2,132	308	2,492	107	11,922	1,610	13,639	9	199	228	436	292	101,920	3,700	105,912
2024-06	부산	사상구	97	67,157	2,427	69,681	56	2,071	242	2,369	103	14,213	2,311	16,627	9	223	322	554	265	83,664	5,302	89,231
2024-06	부산	사하구	108	92,304	3,364	95,776	49	2,653	338	3,040	105	12,841	1,991	14,937	9	211	280	500	271	108,009	5,973	114,253
2024-06	부산	서구	61	25,861	398	26,320	34	877	21	932	41	3,632	889	4,562	1	57	87	145	137	30,427	1,395	31,959
2024-06	부산	수영구	51	56,897	61,313	118,261	24	1,412	847	2,283	80	5,520	1,368	6,968	11	152	367	530	166	63,981	63,895	128,042
2024-06	부산	연제구	330	104,670	14,792	119,792	506	1,624	649	2,779	187	8,380	2,302	10,869	28	183	709	920	1,051	114,857	18,452	134,360
2024-06	부산	영도구	82	26,714	1,301	28,097	48	974	293	1,315	83	4,093	367	4,543	9	49	52	110	222	31,830	2,013	34,065
2024-06	부산	중구	150	32,245	114	32,509	62	497	15	574	85	1,843	5,306	7,234	15	116	1,696	1,827	312	34,701	7,131	42,144
2024-06	부산	해운대구	141	149,513	10,141	159,795	57	2,980	250	3,287	130	13,062	2,180	15,372	9	308	476	793	337	165,863	13,047	179,247
2024-06	부산	계	1,847	1,177,893	129,082	1,308,822	1,275	28,445	6,217	35,937	1,627	147,408	36,058	185,093	155	3,148	9,043	12,346	4,904	1,356,894	180,400	1,542,198
2024-06	대구	군위군	48	9,939	68	10,055	36	376	20	432	46	5,282	136	5,464	2	63	21	86	132	15,660	245	16,037
2024-06	대구	남구	74	47,113	897	48,084	228	1,243	93	1,564	80	6,268	499	6,847	3	116	61	180	385	54,740	1,550	56,675
2024-06	대구	달서구	190	239,692	12,120	252,002	112	4,712	731	5,555	175	29,184	5,576	34,935	14	580	578	1,172	491	274,168	19,005	293,664
2024-06	대구	달성군	118	117,758	1,484	119,360	121	2,878	515	3,514	297	19,637	2,872	22,806	62	398	293	753	598	140,671	5,164	146,433
2024-06	대구	동구	115	141,884	5,079	147,078	88	3,255	726	4,069	152	19,328	3,896	23,376	10	442	519	971	365	164,909	10,220	175,494
2024-06	대구	북구	177	170,252	2,569	172,998	126	3,694	635	4,455	231	28,230	4,438	32,899	28	545	441	1,014	562	202,721	8,083	211,366
2024-06	대구	서구	92	58,904	2,938	61,934	40	1,672	232	1,944	123	10,888	1,561	12,572	9	160	117	286	264	71,624	4,848	76,736
2024-06	대구	수성구	188	196,225	3,168	199,581	192	2,941	610	3,743	212	15,968	1,331	17,511	12	463	163	638	604	215,597	5,272	221,473
2024-06	대구	중구	92	53,566	1,385	55,043	82	1,000	345	1,427	147	4,622	475	5,244	15	94	24	133	336	59,282	2,229	61,847
2024-06	대구	계	1,094	1,035,333	29,708	1,066,135	1,025	21,771	3,907	26,703	1,463	139,407	20,784	161,654	155	2,861	2,217	5,233	3,737	1,199,372	56,616	1,259,725
2024-06	인천	강화군	129	27,143	9,101	36,373	51	1,117	317	1,485	157	10,395	760	11,312	8	159	88	255	345	38,814	10,266	49,425
2024-06	인천	계양구	111	95,140	142,839	238,090	61	3,114	2,028	5,203	112	26,122	2,783	29,017	16	575	325	916	300	124,951	147,975	273,226
2024-06	인천	남동구	345	223,559	22,119	246,023	414	5,057	875	6,346	176	29,385	3,602	33,163	23	566	491	1,080	958	258,567	27,087	286,612
2024-06	인천	동구	38	19,972	1,064	21,074	35	853	70	958	34	3,559	1,389	4,982	2	98	317	417	109	24,482	2,840	27,431
2024-06	인천	미추홀구	185	143,738	6,058	149,981	98	4,045	77	4,220	140	16,956	4,871	21,967	20	425	860	1,305	443	165,164	11,866	177,473
2024-06	인천	부평구	150	204,134	34,720	239,004	81	4,550	1,030	5,661	103	21,047	3,211	24,361	11	477	315	803	345	230,208	39,276	269,829
2024-06	인천	서구	221	266,014	4,920	271,155	105	6,349	1,346	7,800	190	33,967	6,349	40,506	23	745	717	1,485	539	307,075	13,332	320,946
2024-06	인천	연수구	166	206,136	5,363	211,665	90	3,127	714	3,931	140	12,151	3,437	15,728	13	390	505	908	409	221,804	10,019	232,232
2024-06	인천	옹진군	66	8,740	149	8,955	53	505	67	625	125	3,947	64	4,136	3	47	13	63	247	13,239	293	13,779
2024-06	인천	중구	310	69,520	790	70,620	162	1,841	681	2,684	194	8,302	8,882	17,378	23	389	1,774	2,186	689	80,052	12,127	92,868
2024-06	인천	계	1,721	1,264,096	227,123	1,492,940	1,150	30,558	7,205	38,913	1,371	165,831	35,348	202,550	142	3,871	5,405	9,418	4,384	1,464,356	275,081	1,743,821
2024-06	광주	광산구	209	173,920	3,764	177,893	153	4,235	403	4,791	185	26,665	8,265	35,115	28	710	912	1,650	575	205,530	13,344	219,449
2024-06	광주	남구	83	82,690	1,084	83,857	48	1,875	470	2,393	93	8,629	1,034	9,756	11	227	179	417	235	93,421	2,767	96,423
2024-06	광주	동구	89	42,105	429	42,623	52	955	112	1,119	102	4,105	392	4,599	9	119	73	201	252	47,284	1,006	48,542
2024-06	광주	북구	182	173,116	4,650	177,948	196	3,884	970	5,050	216	22,895	3,424	26,535	19	577	535	1,131	613	200,472	9,579	210,664
2024-06	광주	서구	330	126,769	4,002	131,101	155	3,023	336	3,514	244	15,289	1,653	17,186	22	407	241	670	751	145,488	6,232	152,471
2024-06	광주	계	893	598,600	13,929	613,422	604	13,972	2,291	16,867	840	77,583	14,768	93,191	89	2,040	1,940	4,069	2,426	692,195	32,928	727,549
2024-06	대전	대덕구	82	72,596	1,999	74,677	44	2,079	546	2,669	107	13,746	3,914	17,767	9	348	447	804	242	88,769	6,906	95,917
2024-06	대전	동구	88	76,562	2,805	79,455	55	2,332	489	2,876	96	13,123	1,600	14,819	12	319	219	550	251	92,336	5,113	97,700
2024-06	대전	서구	291	186,495	18,871	205,657	327	4,052	410	4,789	206	18,526	2,379	21,111	30	512	503	1,045	854	209,585	22,163	232,602
2024-06	대전	유성구	121	176,785	2,737	179,643	94	3,143	368	3,605	427	15,433	2,447	18,307	23	612	298	933	665	195,973	5,850	202,488
2024-06	대전	중구	102	82,389	2,459	84,950	47	2,409	453	2,909	74	12,016	2,152	14,242	6	269	264	539	229	97,083	5,328	102,640
2024-06	대전	계	684	594,827	28,871	624,382	567	14,015	2,266	16,848	910	72,844	12,492	86,246	80	2,060	1,731	3,871	2,241	683,746	45,360	731,347
2024-06	울산	남구	302	138,297	2,865	141,464	220	2,653	550	3,423	227	16,128	3,188	19,543	18	361	585	964	767	157,439	7,188	165,394
2024-06	울산	동구	67	58,360	727	59,154	43	1,187	149	1,379	75	4,713	330	5,118	7	150	57	214	192	64,410	1,263	65,865
2024-06	울산	북구	86	109,619	1,519	111,224	40	2,085	278	2,403	92	11,209	1,630	12,931	9	262	327	598	227	123,175	3,754	127,156
2024-06	울산	울주군	167	108,248	1,148	109,563	94	2,528	664	3,286	171	20,702	4,195	25,068	13	412	1,014	1,439	445	131,890	7,021	139,356
2024-06	울산	중구	137	90,940	1,164	92,241	112	1,862	300	2,274	91	10,043	953	11,087	6	216	276	498	346	103,061	2,693	106,100
2024-06	울산	계	759	505,464	7,423	513,646	509	10,315	1,941	12,765	656	62,795	10,296	73,747	53	1,401	2,259	3,713	1,977	579,975	21,919	603,871
2024-06	세종	세종특별자치시	356	176,499	1,205	178,060	252	3,258	574	4,084	268	15,079	1,979	17,326	65	634	173	872	941	195,470	3,931	200,342
2024-06	세종	계	356	176,499	1,205	178,060	252	3,258	574	4,084	268	15,079	1,979	17,326	65	634	173	872	941	195,470	3,931	200,342
2024-06	경기	가평군	150	25,485	238	25,873	86	1,141	136	1,363	165	6,609	200	6,974	22	124	44	190	423	33,359	618	34,400
2024-06	경기	고양시 덕양구	313	173,804	1,843	175,960	158	4,101	387	4,646	196	19,310	2,664	22,170	22	444	290	756	689	197,659	5,184	203,532
2024-06	경기	고양시 일산동구	104	114,833	3,284	118,221	76	2,459	612	3,147	82	13,127	2,170	15,379	10	354	161	525	272	130,773	6,227	137,272
2024-06	경기	고양시 일산서구	71	105,565	2,467	108,103	21	2,107	619	2,747	36	9,363	1,512	10,911	1	222	136	359	129	117,257	4,734	122,120
2024-06	경기	과천시	470	30,391	308	31,169	106	534	37	677	124	1,928	460	2,512	13	82	10	105	713	32,935	815	34,463
2024-06	경기	광명시	128	88,381	1,789	90,298	71	2,300	428	2,799	107	10,233	2,363	12,703	11	211	203	425	317	101,125	4,783	106,225
2024-06	경기	광주시	191	170,817	864	171,872	96	4,775	2,343	7,214	131	30,562	5,459	36,152	16	678	363	1,057	434	206,832	9,029	216,295
2024-06	경기	구리시	91	61,261	1,119	62,471	75	1,530	280	1,885	98	8,388	1,413	9,899	12	188	157	357	276	71,367	2,969	74,612
2024-06	경기	군포시	129	87,939	1,014	89,082	75	2,127	170	2,372	92	9,031	3,906	13,029	10	179	254	443	306	99,276	5,344	104,926
2024-06	경기	김포시	254	201,865	2,555	204,674	114	5,058	1,595	6,767	201	30,933	4,467	35,601	9	687	703	1,399	578	238,543	9,320	248,441
2024-06	경기	남양주시	360	269,286	2,224	271,870	200	7,180	1,012	8,392	220	43,092	6,341	49,653	27	1,076	497	1,600	807	320,634	10,074	331,515
2024-06	경기	동두천시	92	31,873	674	32,639	43	1,203	72	1,318	83	5,305	689	6,077	11	88	50	149	229	38,469	1,485	40,183
2024-06	경기	부천시	6	100	3	109	0	38	10	48	0	129	8	137	0	0	1	1	6	267	22	295
2024-06	경기	부천시 소사구	46	73,182	1,753	74,981	19	2,160	79	2,258	31	8,330	1,234	9,595	1	166	174	341	97	83,838	3,240	87,175
2024-06	경기	부천시 오정구	37	51,827	918	52,782	32	1,927	478	2,437	30	9,891	1,729	11,650	4	173	185	362	103	63,818	3,310	67,231
2024-06	경기	부천시 원미구	188	129,071	2,917	132,176	155	3,520	611	4,286	154	15,861	3,309	19,324	24	327	206	557	521	148,779	7,043	156,343
2024-06	경기	성남시 분당구	200	178,812	4,471	183,483	54	2,404	1,375	3,833	104	7,729	1,921	9,754	10	365	206	581	368	189,310	7,973	197,651
2024-06	경기	성남시 수정구	168	71,933	1,417	73,518	61	2,117	223	2,401	76	7,619	1,583	9,278	3	200	162	365	308	81,869	3,385	85,562
2024-06	경기	성남시 중원구	215	63,463	2,017	65,695	58	2,131	262	2,451	103	8,872	1,596	10,571	17	172	139	328	393	74,638	4,014	79,045
2024-06	경기	수원시 권선구	129	181,227	4,706	186,062	172	4,630	1,501	6,303	159	20,498	3,120	23,777	22	542	559	1,123	482	206,897	9,886	217,265
2024-06	경기	수원시 영통구	277	143,066	1,931	145,274	105	2,120	133	2,358	66	6,730	1,479	8,275	3	266	135	404	451	152,182	3,678	156,311
2024-06	경기	수원시 장안구	230	98,091	978	99,299	149	2,747	513	3,409	103	8,279	2,184	10,566	13	218	121	352	495	109,335	3,796	113,626
2024-06	경기	수원시 팔달구	126	72,954	1,267	74,347	60	2,446	65	2,571	90	6,507	1,940	8,537	20	172	99	291	296	82,079	3,371	85,746
2024-06	경기	시흥시	167	226,030	1,767	227,964	112	6,488	456	7,056	150	37,428	6,416	43,994	23	708	504	1,235	452	270,654	9,143	280,249
2024-06	경기	안산시 단원구	202	136,975	2,553	139,730	153	5,002	1,104	6,259	226	22,957	3,995	27,178	12	389	327	728	593	165,323	7,979	173,895
2024-06	경기	안산시 상록구	85	122,033	2,163	124,281	40	3,947	654	4,641	33	18,331	2,603	20,967	3	418	371	792	161	144,729	5,791	150,681
2024-06	경기	안성시	166	93,151	711	94,028	99	3,075	513	3,687	134	19,249	3,369	22,752	15	990	296	1,301	414	116,465	4,889	121,768
2024-06	경기	안양시 동안구	148	114,201	2,328	116,677	117	2,137	596	2,850	122	9,918	3,812	13,852	11	341	174	526	398	126,597	6,910	133,905
2024-06	경기	안양시 만안구	93	73,866	1,249	75,208	27	2,177	907	3,111	38	9,165	1,590	10,793	0	191	128	319	158	85,399	3,874	89,431
2024-06	경기	양주시	181	113,926	703	114,810	89	3,744	441	4,274	172	19,809	2,951	22,932	13	502	245	760	455	137,981	4,340	142,776
2024-06	경기	양평군	241	53,360	418	54,019	101	1,714	546	2,361	261	12,250	897	13,408	13	286	85	384	616	67,610	1,946	70,172
2024-06	경기	여주시	185	53,177	349	53,711	84	2,005	650	2,739	203	14,270	6,514	20,987	9	310	347	666	481	69,762	7,860	78,103
2024-06	경기	연천군	90	17,508	73	17,671	70	723	231	1,024	159	6,353	4,122	10,634	7	137	495	639	326	24,721	4,921	29,968
2024-06	경기	오산시	92	104,894	1,174	106,160	62	2,775	545	3,382	64	10,538	2,510	13,112	10	313	179	502	228	118,520	4,408	123,156
2024-06	경기	용인시 기흥구	53	184,264	3,171	187,488	39	3,402	700	4,141	49	11,593	3,661	15,303	13	495	204	712	154	199,754	7,736	207,644
2024-06	경기	용인시 수지구	27	144,158	729	144,914	13	1,854	129	1,996	22	4,871	1,412	6,305	0	233	40	273	62	151,116	2,310	153,488
2024-06	경기	용인시 처인구	385	120,292	1,584	122,261	175	3,901	1,407	5,483	237	21,533	4,851	26,621	19	669	443	1,131	816	146,395	8,285	155,496
2024-06	경기	의왕시	114	58,967	397	59,478	94	1,268	176	1,538	88	5,750	2,080	7,918	9	137	324	470	305	66,122	2,977	69,404
2024-06	경기	의정부시	278	151,430	2,040	153,748	268	4,496	450	5,214	197	18,127	2,963	21,287	29	539	270	838	772	174,592	5,723	181,087
2024-06	경기	이천시	207	101,758	1,000	102,965	89	3,376	753	4,218	131	19,011	4,326	23,468	16	460	546	1,022	443	124,605	6,625	131,673
2024-06	경기	파주시	267	211,057	2,557	213,881	99	5,483	2,684	8,266	172	31,010	6,306	37,488	20	667	294	981	558	248,217	11,841	260,616
2024-06	경기	평택시	358	287,169	3,789	291,316	162	7,756	2,234	10,152	255	35,749	7,455	43,459	24	975	1,029	2,028	799	331,649	14,507	346,955
2024-06	경기	포천시	178	66,086	4,578	70,842	75	2,745	780	3,600	154	20,805	2,449	23,408	14	358	382	754	421	89,994	8,189	98,604
2024-06	경기	하남시	204	122,766	887	123,857	90	2,561	348	2,999	150	15,656	2,289	18,095	12	339	152	503	456	141,322	3,676	145,454
2024-06	경기	화성시	396	447,547	3,075	451,018	226	10,234	2,725	13,185	291	63,997	8,127	72,415	75	1,651	674	2,400	988	523,429	14,601	539,018
2024-06	경기	계	8,092	5,429,841	78,052	5,515,985	4,270	141,618	31,970	177,858	5,759	716,696	136,445	858,900	628	18,042	12,364	31,034	18,749	6,306,197	258,831	6,583,777
2024-06	충북	괴산군	76	15,383	127	15,586	57	762	53	872	79	7,949	259	8,287	11	86	29	126	223	24,180	468	24,871
2024-06	충북	단양군	71	11,130	145	11,346	50	456	94	600	114	4,874	385	5,373	4	89	230	323	239	16,549	854	17,642
2024-06	충북	보은군	69	12,083	119	12,271	57	613	89	759	109	6,354	615	7,078	16	74	64	154	251	19,124	887	20,262
2024-06	충북	영동군	86	17,458	117	17,661	58	690	89	837	115	8,226	180	8,521	13	88	41	142	272	26,462	427	27,161
2024-06	충북	옥천군	71	20,084	188	20,343	59	806	83	948	83	8,081	684	8,848	11	173	86	270	224	29,144	1,041	30,409
2024-06	충북	음성군	78	46,804	299	47,181	72	2,080	207	2,359	112	13,753	1,427	15,292	14	224	143	381	276	62,861	2,076	65,213
2024-06	충북	제천시	103	54,574	702	55,379	82	1,697	181	1,960	157	13,703	1,724	15,584	11	346	892	1,249	353	70,320	3,499	74,172
2024-06	충북	증평군	34	17,250	164	17,448	25	536	35	596	31	3,224	583	3,838	7	67	50	124	97	21,077	832	22,006
2024-06	충북	진천군	75	45,112	297	45,484	67	1,494	85	1,646	87	9,294	1,086	10,467	6	215	82	303	235	56,115	1,550	57,900
2024-06	충북	청원군	1	8	0	9	0	3	0	3	0	8	0	8	0	0	0	0	1	19	0	20
2024-06	충북	청주시 상당구	207	87,796	1,061	89,064	115	2,150	368	2,633	176	12,076	1,109	13,361	16	330	265	611	514	102,352	2,803	105,669
2024-06	충북	청주시 서원구	55	84,433	1,724	86,212	125	2,049	842	3,016	65	10,953	1,790	12,808	4	301	211	516	249	97,736	4,567	102,552
2024-06	충북	청주시 청원구	165	91,061	2,376	93,602	122	2,430	547	3,099	128	14,462	2,058	16,648	9	398	190	597	424	108,351	5,171	113,946
2024-06	충북	청주시 흥덕구	133	128,046	4,301	132,480	87	2,975	679	3,741	131	15,801	2,342	18,274	13	547	334	894	364	147,369	7,656	155,389
2024-06	충북	충주시	193	94,244	5,606	100,043	154	2,844	417	3,415	259	20,036	1,790	22,085	29	426	279	734	635	117,550	8,092	126,277
2024-06	충북	계	1,417	725,466	17,226	744,109	1,130	21,585	3,769	26,484	1,646	148,794	16,032	166,472	164	3,364	2,896	6,424	4,357	899,209	39,923	943,489
2024-06	충남	계룡시	77	23,374	62	23,513	38	579	98	715	55	2,268	416	2,739	9	90	33	132	179	26,311	609	27,099
2024-06	충남	공주시	229	42,199	1,344	43,772	120	1,557	372	2,049	224	12,853	671	13,748	24	200	129	353	597	56,809	2,516	59,922
2024-06	충남	금산군	70	20,581	1,573	22,224	45	1,011	233	1,289	94	8,622	600	9,316	7	111	74	192	216	30,325	2,480	33,021
2024-06	충남	논산시	151	45,585	831	46,567	91	2,039	377	2,507	145	15,249	1,079	16,473	29	200	86	315	416	63,073	2,373	65,862
2024-06	충남	당진시	156	84,797	791	85,744	78	2,439	358	2,875	188	19,095	2,328	21,611	17	473	798	1,288	439	106,804	4,275	111,518
2024-06	충남	보령시	132	40,295	528	40,955	73	1,401	180	1,654	183	12,841	545	13,569	32	195	155	382	420	54,732	1,408	56,560
2024-06	충남	부여군	95	23,013	194	23,302	69	1,089	336	1,494	149	11,231	395	11,775	13	85	53	151	326	35,418	978	36,722
2024-06	충남	서산시	172	81,761	1,011	82,944	88	2,457	489	3,034	162	19,043	1,861	21,066	25	396	432	853	447	103,657	3,793	107,897
2024-06	충남	서천군	78	19,621	148	19,847	40	726	115	881	109	7,706	436	8,251	15	87	81	183	242	28,140	780	29,162
2024-06	충남	아산시	189	171,220	2,383	173,792	144	4,750	484	5,378	189	24,300	3,760	28,249	46	686	379	1,111	568	200,956	7,006	208,530
2024-06	충남	예산군	140	34,412	281	34,833	124	1,400	315	1,839	188	11,511	722	12,421	16	195	116	327	468	47,518	1,434	49,420
2024-06	충남	천안시 동남구	110	118,908	1,792	120,810	67	3,805	657	4,529	126	19,752	2,808	22,686	10	519	405	934	313	142,984	5,662	148,959
2024-06	충남	천안시 서북구	167	181,048	1,748	182,963	146	4,431	867	5,444	214	20,937	2,474	23,625	23	577	282	882	550	206,993	5,371	212,914
2024-06	충남	청양군	77	11,440	66	11,583	55	478	61	594	120	6,019	491	6,630	17	65	72	154	269	18,002	690	18,961
2024-06	충남	태안군	83	24,621	194	24,898	45	989	114	1,148	196	10,795	259	11,250	19	137	53	209	343	36,542	620	37,505
2024-06	충남	홍성군	175	42,678	319	43,172	91	1,379	196	1,666	142	12,247	759	13,148	20	226	129	375	428	56,530	1,403	58,361
2024-06	충남	계	2,101	965,553	13,265	980,919	1,314	30,530	5,252	37,096	2,484	214,469	19,604	236,557	322	4,242	3,277	7,841	6,221	1,214,794	41,398	1,262,413
2024-06	전남	강진군	83	12,298	166	12,547	64	503	76	643	100	6,611	735	7,446	10	83	40	133	257	19,495	1,017	20,769
2024-06	전남	고흥군	101	20,762	160	21,023	74	1,024	93	1,191	139	12,652	261	13,052	10	117	42	169	324	34,555	556	35,435
2024-06	전남	곡성군	68	10,548	102	10,718	42	424	61	527	73	5,025	392	5,490	6	52	65	123	189	16,049	620	16,858
2024-06	전남	광양시	92	76,615	837	77,544	69	2,148	277	2,494	88	14,521	3,456	18,065	14	527	1,662	2,203	263	93,811	6,232	100,306
2024-06	전남	구례군	59	9,220	402	9,681	40	396	52	488	77	3,949	205	4,231	4	66	23	93	180	13,631	682	14,493
2024-06	전남	나주시	142	52,409	784	53,335	122	1,887	375	2,384	212	15,544	1,709	17,465	19	350	267	636	495	70,190	3,135	73,820
2024-06	전남	담양군	80	20,201	400	20,681	49	772	264	1,085	78	7,913	1,048	9,039	11	119	147	277	218	29,005	1,859	31,082
2024-06	전남	목포시	117	83,194	2,271	85,582	117	2,659	409	3,185	154	13,051	2,347	15,552	10	325	339	674	398	99,229	5,366	104,993
2024-06	전남	무안군	245	39,371	151	39,767	211	1,480	69	1,760	157	11,812	848	12,817	14	188	120	322	627	52,851	1,188	54,666
2024-06	전남	보성군	76	13,961	153	14,190	52	717	69	838	106	7,931	364	8,401	14	85	50	149	248	22,694	636	23,578
2024-06	전남	순천시	168	123,335	1,848	125,351	133	2,947	600	3,680	194	22,762	2,122	25,078	19	453	932	1,404	514	149,497	5,502	155,513
2024-06	전남	신안군	113	13,949	100,572	114,634	69	652	2,479	3,200	204	9,418	388	10,010	5	147	36	188	391	24,166	103,475	128,032
2024-06	전남	여수시	198	113,467	2,440	116,105	146	3,195	722	4,063	202	21,771	3,523	25,496	16	412	850	1,278	562	138,845	7,535	146,942
2024-06	전남	영광군	79	20,894	142	21,115	47	791	94	932	115	8,145	509	8,769	7	112	50	169	248	29,942	795	30,985
2024-06	전남	영암군	87	24,357	124	24,568	64	1,201	79	1,344	120	11,284	779	12,183	8	209	134	351	279	37,051	1,116	38,446
2024-06	전남	완도군	124	16,111	165	16,400	57	704	105	866	106	9,693	207	10,006	11	95	31	137	298	26,603	508	27,409
2024-06	전남	장성군	82	19,088	229	19,399	45	726	83	854	94	8,201	908	9,203	3	117	91	211	224	28,132	1,311	29,667
2024-06	전남	장흥군	90	13,251	93	13,434	74	545	48	667	106	7,099	282	7,487	7	60	34	101	277	20,955	457	21,689
2024-06	전남	진도군	77	11,094	90	11,261	50	521	60	631	93	6,309	143	6,545	8	60	22	90	228	17,984	315	18,527
2024-06	전남	함평군	69	12,307	6,186	18,562	53	517	126	696	91	6,565	199	6,855	11	88	25	124	224	19,477	6,536	26,237
2024-06	전남	해남군	112	24,349	82,562	107,023	81	1,614	1,070	2,765	139	15,542	233	15,914	10	120	44	174	342	41,625	83,909	125,876
2024-06	전남	화순군	97	25,561	451	26,109	52	923	925	1,900	101	8,054	506	8,661	9	155	151	315	259	34,693	2,033	36,985
2024-06	전남	계	2,359	756,342	200,328	959,029	1,711	26,346	8,136	36,193	2,749	233,852	21,164	257,765	226	3,940	5,155	9,321	7,045	1,020,480	234,783	1,262,308
2024-06	경북	경산시	143	119,217	925	120,285	98	2,993	376	3,467	132	22,001	2,760	24,893	13	411	387	811	386	144,622	4,448	149,456
2024-06	경북	경주시	212	118,705	1,717	120,634	148	3,746	540	4,434	228	25,939	1,974	28,141	15	540	374	929	603	148,930	4,605	154,138
2024-06	경북	고령군	62	14,399	37	14,498	32	661	55	748	70	6,483	675	7,228	17	80	53	150	181	21,623	820	22,624
2024-06	경북	구미시	191	191,797	2,532	194,520	108	4,949	773	5,830	227	25,899	3,637	29,763	20	632	465	1,117	546	223,277	7,407	231,230
2024-06	경북	군위군	0	19	2	21	0	4	0	4	0	27	3	30	0	0	0	0	0	50	5	55
2024-06	경북	김천시	143	58,294	621	59,058	87	2,018	266	2,371	161	17,931	1,074	19,166	18	239	179	436	409	78,482	2,140	81,031
2024-06	경북	문경시	95	27,172	384	27,651	55	1,190	118	1,363	134	10,423	281	10,838	11	143	96	250	295	38,928	879	40,102
2024-06	경북	봉화군	96	11,149	53	11,298	51	425	41	517	87	7,001	88	7,176	16	49	14	79	250	18,624	196	19,070
2024-06	경북	상주시	117	36,971	401	37,489	88	1,620	253	1,961	192	17,286	1,052	18,530	16	202	168	386	413	56,079	1,874	58,366
2024-06	경북	성주군	70	20,214	127	20,411	43	790	46	879	86	11,355	980	12,421	15	128	145	288	214	32,487	1,298	33,999
2024-06	경북	안동시	253	64,400	910	65,563	244	2,137	312	2,693	262	19,292	1,195	20,749	48	330	227	605	807	86,159	2,644	89,610
2024-06	경북	영덕군	72	12,884	110	13,066	50	599	56	705	122	6,012	116	6,250	16	77	27	120	260	19,572	309	20,141
2024-06	경북	영양군	54	6,065	36	6,155	31	285	27	343	60	3,877	47	3,984	2	34	7	43	147	10,261	117	10,525
2024-06	경북	영주시	134	41,243	481	41,858	77	1,579	145	1,801	148	14,709	745	15,602	26	220	160	406	385	57,751	1,531	59,667
2024-06	경북	영천시	127	45,499	408	46,034	83	1,718	245	2,046	130	16,435	1,508	18,073	17	231	355	603	357	63,883	2,516	66,756
2024-06	경북	예천군	103	23,013	166	23,282	62	704	77	843	113	8,644	201	8,958	20	110	44	174	298	32,471	488	33,257
2024-06	경북	울릉군	58	4,366	340	4,764	21	264	196	481	63	1,419	31	1,513	8	26	2	36	150	6,075	569	6,794
2024-06	경북	울진군	134	20,333	118	20,585	58	624	83	765	122	6,638	127	6,887	15	118	38	171	329	27,713	366	28,408
2024-06	경북	의성군	79	19,629	87	19,795	80	841	84	1,005	125	12,208	848	13,181	10	113	101	224	294	32,791	1,120	34,205
2024-06	경북	청도군	78	17,819	158	18,055	42	620	52	714	92	7,809	593	8,494	14	94	168	276	226	26,342	971	27,539
2024-06	경북	청송군	60	9,927	40	10,027	67	453	42	562	83	5,984	114	6,181	10	72	13	95	220	16,436	209	16,865
2024-06	경북	칠곡군	123	56,166	272	56,561	66	1,836	341	2,243	111	12,966	1,573	14,650	14	257	310	581	314	71,225	2,496	74,035
2024-06	경북	포항시 남구	133	104,860	1,363	106,356	85	2,915	769	3,769	212	18,117	4,261	22,590	13	449	1,733	2,195	443	126,341	8,126	134,910
2024-06	경북	포항시 북구	163	127,260	2,107	129,530	92	2,905	321	3,318	100	18,104	1,055	19,259	26	444	303	773	381	148,713	3,786	152,880
2024-06	경북	계	2,700	1,151,401	13,395	1,167,496	1,768	35,876	5,218	42,862	3,060	296,559	24,938	324,557	380	4,999	5,369	10,748	7,908	1,488,835	48,920	1,545,663
2024-06	경남	거제시	123	95,358	1,021	96,502	90	2,866	470	3,426	138	12,024	500	12,662	15	309	161	485	366	110,557	2,152	113,075
2024-06	경남	거창군	102	24,516	190	24,808	70	850	169	1,089	106	9,354	252	9,712	12	80	177	269	290	34,800	788	35,878
2024-06	경남	고성군	63	19,818	195	20,076	62	729	89	880	98	7,377	206	7,681	10	119	69	198	233	28,043	559	28,835
2024-06	경남	김해시	258	243,710	2,299	246,267	171	6,118	530	6,819	236	40,914	4,619	45,769	36	824	576	1,436	701	291,566	8,024	300,291
2024-06	경남	남해군	106	14,076	146	14,328	54	535	111	700	136	6,186	157	6,479	9	63	30	102	305	20,860	444	21,609
2024-06	경남	밀양시	110	43,604	482	44,196	92	1,401	193	1,686	108	13,677	2,599	16,384	14	192	630	836	324	58,874	3,904	63,102
2024-06	경남	사천시	101	47,955	678	48,734	79	1,438	239	1,756	138	10,497	536	11,171	17	182	116	315	335	60,072	1,569	61,976
2024-06	경남	산청군	91	13,678	65	13,834	62	510	55	627	97	7,185	487	7,769	8	141	149	298	258	21,514	756	22,528
2024-06	경남	양산시	168	152,216	1,123	153,507	98	4,188	794	5,080	148	22,398	7,172	29,718	21	653	1,549	2,223	435	179,455	10,638	190,528
2024-06	경남	의령군	65	10,453	56	10,574	52	385	45	482	89	4,571	549	5,209	14	58	104	176	220	15,467	754	16,441
2024-06	경남	진주시	212	143,539	2,870	146,621	174	3,282	1,018	4,474	240	26,847	2,369	29,456	34	494	428	956	660	174,162	6,685	181,507
2024-06	경남	창녕군	70	25,028	180	25,278	73	1,039	111	1,223	95	10,361	412	10,868	10	142	66	218	248	36,570	769	37,587
2024-06	경남	창원시 마산합포구	139	89,391	1,269	90,799	65	1,937	475	2,477	136	10,541	985	11,662	16	156	152	324	356	102,025	2,881	105,262
2024-06	경남	창원시 마산회원구	66	94,580	5,533	100,179	32	1,888	409	2,329	53	10,944	1,660	12,657	4	206	229	439	155	107,618	7,831	115,604
2024-06	경남	창원시 성산구	238	159,217	60,311	219,766	220	2,094	1,135	3,449	143	10,563	990	11,696	15	208	178	401	616	172,082	62,614	235,312
2024-06	경남	창원시 의창구	218	100,343	1,753	102,314	178	2,207	277	2,662	137	16,665	1,449	18,251	18	297	348	663	551	119,512	3,827	123,890
2024-06	경남	창원시 진해구	92	87,126	720	87,938	36	1,928	168	2,132	90	7,874	973	8,937	14	270	262	546	232	97,198	2,123	99,553
2024-06	경남	통영시	100	43,091	695	43,886	82	1,676	232	1,990	120	8,870	345	9,335	16	160	73	249	318	53,797	1,345	55,460
2024-06	경남	하동군	60	16,165	88	16,313	65	543	43	651	105	7,826	166	8,097	11	78	85	174	241	24,612	382	25,235
2024-06	경남	함안군	81	33,375	35,333	68,789	54	1,059	386	1,499	82	10,265	527	10,874	6	248	229	483	223	44,947	36,475	81,645
2024-06	경남	함양군	59	13,489	374	13,922	53	486	85	624	122	6,553	152	6,827	11	75	27	113	245	20,603	638	21,486
2024-06	경남	합천군	85	15,696	111	15,892	58	603	77	738	139	8,156	405	8,700	14	86	76	176	296	24,541	669	25,506
2024-06	경남	계	2,607	1,486,424	115,492	1,604,523	1,920	37,762	7,111	46,793	2,756	269,648	27,510	299,914	325	5,041	5,714	11,080	7,608	1,798,875	155,827	1,962,310
2024-06	제주	서귀포시	253	77,476	943	78,672	137	2,851	150	3,138	344	27,045	641	28,030	42	241	142	425	776	107,613	1,876	110,265
2024-06	제주	제주시	622	251,300	268,194	520,116	354	7,131	6,401	13,886	695	57,939	3,568	62,202	38	1,213	595	1,846	1,709	317,583	278,758	598,050
2024-06	제주	계	875	328,776	269,137	598,788	491	9,982	6,551	17,024	1,039	84,984	4,209	90,232	80	1,454	737	2,271	2,485	425,196	280,634	708,315
2024-06	강원	강릉시	156	93,912	2,521	96,589	147	2,554	520	3,221	269	18,225	1,429	19,923	38	407	455	900	610	115,098	4,925	120,633
2024-06	강원	고성군	49	11,872	78	11,999	48	451	37	536	103	4,019	91	4,213	6	51	28	85	206	16,393	234	16,833
2024-06	강원	동해시	107	39,760	680	40,547	75	1,218	153	1,446	130	6,937	511	7,578	13	172	221	406	325	48,087	1,565	49,977
2024-06	강원	삼척시	118	26,273	483	26,874	103	816	122	1,041	184	6,771	181	7,136	10	141	44	195	415	34,001	830	35,246
2024-06	강원	속초시	110	34,184	948	35,242	89	1,079	149	1,317	111	5,385	307	5,803	7	146	95	248	317	40,794	1,499	42,610
2024-06	강원	양구군	52	8,811	63	8,926	53	314	30	397	109	3,361	50	3,520	10	53	16	79	224	12,539	159	12,922
2024-06	강원	양양군	45	12,450	167	12,662	42	414	24	480	122	4,167	71	4,360	12	80	20	112	221	17,111	282	17,614
2024-06	강원	영월군	132	15,146	151	15,429	80	635	59	774	127	6,244	129	6,500	13	123	54	190	352	22,148	393	22,893
2024-06	강원	원주시	217	160,007	2,843	163,067	167	4,284	513	4,964	235	26,814	2,281	29,330	25	661	372	1,058	644	191,766	6,009	198,419
2024-06	강원	인제군	56	14,625	92	14,773	54	456	63	573	119	4,994	109	5,222	9	83	30	122	238	20,158	294	20,690
2024-06	강원	정선군	111	14,197	230	14,538	93	566	74	733	144	6,182	153	6,479	19	99	35	153	367	21,044	492	21,903
2024-06	강원	철원군	55	17,050	201	17,306	67	670	53	790	139	7,022	142	7,303	14	83	21	118	275	24,825	417	25,517
2024-06	강원	춘천시	358	121,032	2,500	123,890	279	3,100	607	3,986	266	18,671	2,748	21,685	21	511	412	944	924	143,314	6,267	150,505
2024-06	강원	태백시	61	16,166	385	16,612	63	609	121	793	117	3,343	133	3,593	10	127	39	176	251	20,245	678	21,174
2024-06	강원	평창군	102	17,704	281	18,087	84	784	97	965	123	8,674	143	8,940	20	95	57	172	329	27,257	578	28,164
2024-06	강원	홍천군	121	28,132	259	28,512	114	1,220	267	1,601	179	11,791	450	12,420	22	147	68	237	436	41,290	1,044	42,770
2024-06	강원	화천군	57	9,855	59	9,971	61	287	45	393	103	3,300	52	3,455	10	58	23	91	231	13,500	179	13,910
2024-06	강원	횡성군	89	19,339	505	19,933	67	820	81	968	127	8,636	272	9,035	13	125	50	188	296	28,920	908	30,124
2024-06	강원	계	1,996	660,515	12,446	674,957	1,686	20,277	3,015	24,978	2,707	154,536	9,252	166,495	272	3,162	2,040	5,474	6,661	838,490	26,753	871,904
2024-06	전북	고창군	105	20,163	166	20,434	66	1,263	99	1,428	155	10,668	274	11,097	14	104	48	166	340	32,198	587	33,125
2024-06	전북	군산시	210	115,647	2,055	117,912	129	3,052	525	3,706	211	19,334	3,125	22,670	18	475	704	1,197	568	138,508	6,409	145,485
2024-06	전북	김제시	115	33,776	584	34,475	69	1,472	132	1,673	145	13,604	1,033	14,782	8	251	152	411	337	49,103	1,901	51,341
2024-06	전북	남원시	138	29,381	539	30,058	103	1,154	172	1,429	182	12,504	449	13,135	18	176	67	261	441	43,215	1,227	44,883
2024-06	전북	무주군	71	8,895	59	9,025	41	458	58	557	100	4,440	246	4,786	7	46	38	91	219	13,839	401	14,459
2024-06	전북	부안군	88	18,906	182	19,176	61	818	115	994	129	8,685	270	9,084	12	105	52	169	290	28,514	619	29,423
2024-06	전북	순창군	68	10,245	79	10,392	61	393	28	482	99	5,214	64	5,377	9	47	18	74	237	15,899	189	16,325
2024-06	전북	완주군	111	46,045	236	46,392	122	1,637	424	2,183	206	12,323	2,337	14,866	26	255	209	490	465	60,260	3,206	63,931
2024-06	전북	익산시	181	113,414	1,869	115,464	144	3,892	494	4,530	215	24,404	3,106	27,725	16	413	431	860	556	142,123	5,900	148,579
2024-06	전북	임실군	79	9,724	58	9,861	57	422	70	549	120	4,956	273	5,349	8	64	25	97	264	15,166	426	15,856
2024-06	전북	장수군	75	7,865	34	7,974	41	352	22	415	114	4,433	77	4,624	6	52	18	76	236	12,702	151	13,089
2024-06	전북	전주시 덕진구	139	152,806	3,203	156,148	100	3,411	939	4,450	125	19,348	2,629	22,102	14	515	406	935	378	176,080	7,177	183,635
2024-06	전북	전주시 완산구	332	136,769	1,975	139,076	238	3,087	545	3,870	206	15,989	1,512	17,707	28	337	246	611	804	156,182	4,278	161,264
2024-06	전북	정읍시	109	40,871	2,049	43,029	110	1,601	200	1,911	164	14,994	878	16,036	7	230	135	372	390	57,696	3,262	61,348
2024-06	전북	진안군	105	9,561	56	9,722	56	421	95	572	110	5,049	104	5,263	14	57	17	88	285	15,088	272	15,645
2024-06	전북	계	1,926	754,068	13,144	769,138	1,398	23,433	3,918	28,749	2,281	175,945	16,377	194,603	205	3,127	2,566	5,898	5,810	956,573	36,005	998,388